{
  "authors": [
    {
      "id": "1",
      "name": "J.K. Rowling"
    },
    {
      "id": "2",
      "name": "J.R.R. Tolkien"
    },
    {
      "id": "3",
      "name": "Frolov Leonid"
    }
  ],
  "books": [
    {
      "id": "1",
      "title": "Harry Potter and the Philosopher's Stone",
      "authorId": 1,
      "libraryId": 1
    },
    {
      "id": "2",
      "title": "The Lord of the Rings",
      "authorId": 2,
      "libraryId": 2
    },
    {
      "id": "3",
      "title": "A Game of Thrones",
      "authorId": 3,
      "libraryId": 1
    }
  ],
  "libraries": [
    {
      "id": "1",
      "name": "City Library"
    },
    {
      "id": "2",
      "name": "University Library"
    }
  ]
}